{"cameraMode":{"drawMode":0,"name":"Shaded","section":"Shading Mode"},"sceneLighting":true,"audioPlay":false,"sceneViewState":{"showFog":true,"showMaterialUpdate":false,"showSkybox":true,"showFlares":true,"showImageEffects":true,"showParticleSystems":true},"in2DMode":false,"pivot":{"x":0.6547949314117432,"y":-5.584591865539551,"z":7.3284220695495609},"rotation":{"x":-0.2742520272731781,"y":-0.002309847855940461,"z":0.0006561036570928991,"w":-0.9616647362709045},"size":23.811824798583986,"orthographic":false}