{"cameraMode":{"drawMode":0,"name":"Shaded","section":"Shading Mode"},"sceneLighting":false,"audioPlay":false,"sceneViewState":{"showFog":true,"showMaterialUpdate":false,"showSkybox":false,"showFlares":true,"showImageEffects":true,"showParticleSystems":true},"in2DMode":false,"pivot":{"x":-0.3299572467803955,"y":0.9399999976158142,"z":-4.539999961853027},"rotation":{"x":-0.02670685574412346,"y":0.9732363820075989,"z":-0.16687211394309998,"w":-0.15576110780239106},"size":2.1434130668640138,"orthographic":false}